{
    "total_runtime": 21.82164478302002,
    "num_documents": 1,
    "input_load_time": 0,
    "workflows": {
        "create_base_text_units": {
            "overall": 0.28447890281677246,
            "0_orderby": 0.0031561851501464844,
            "1_zip": 0.0037033557891845703,
            "2_aggregate_override": 0.006201028823852539,
            "3_chunk": 0.22137117385864258,
            "4_select": 0.004528045654296875,
            "5_unroll": 0.005909919738769531,
            "6_rename": 0.004728078842163086,
            "7_genid": 0.0055005550384521484,
            "8_unzip": 0.005746364593505859,
            "9_copy": 0.005152463912963867,
            "10_filter": 0.015676498413085938
        },
        "create_base_extracted_entities": {
            "overall": 0.07980966567993164,
            "0_entity_extract": 0.057678937911987305,
            "1_merge_graphs": 0.01610279083251953
        },
        "create_summarized_entities": {
            "overall": 0.05370736122131348,
            "0_summarize_descriptions": 0.046857595443725586
        },
        "create_base_entity_graph": {
            "overall": 0.04052090644836426,
            "0_cluster_graph": 0.02529430389404297,
            "1_select": 0.007987022399902344
        },
        "create_final_entities": {
            "overall": 4.121704578399658,
            "0_unpack_graph": 0.012651920318603516,
            "1_rename": 0.008586883544921875,
            "2_select": 0.008966922760009766,
            "3_dedupe": 0.009350299835205078,
            "4_rename": 0.009296417236328125,
            "5_filter": 0.022785186767578125,
            "6_text_split": 0.011716842651367188,
            "7_drop": 0.010368108749389648,
            "8_merge": 0.029233694076538086,
            "9_text_embed": 3.9518513679504395,
            "10_drop": 0.011634349822998047,
            "11_filter": 0.026994943618774414
        },
        "create_final_nodes": {
            "overall": 0.2219984531402588,
            "0_layout_graph": 0.02904057502746582,
            "1_unpack_graph": 0.017077922821044922,
            "2_unpack_graph": 0.017004013061523438,
            "3_filter": 0.028667926788330078,
            "4_drop": 0.012909173965454102,
            "5_select": 0.013341426849365234,
            "6_rename": 0.013338327407836914,
            "7_convert": 0.043315887451171875,
            "8_join": 0.02125716209411621,
            "9_rename": 0.014369010925292969
        },
        "create_final_communities": {
            "overall": 0.3232710361480713,
            "0_unpack_graph": 0.019312620162963867,
            "1_unpack_graph": 0.01911759376525879,
            "2_aggregate_override": 0.01844620704650879,
            "3_join": 0.021784305572509766,
            "4_join": 0.021698951721191406,
            "5_concat": 0.01637125015258789,
            "6_filter": 0.03742480278015137,
            "7_aggregate_override": 0.019623994827270508,
            "8_join": 0.022356033325195312,
            "9_filter": 0.03895902633666992,
            "10_fill": 0.017609834671020508,
            "11_merge": 0.019147634506225586,
            "12_copy": 0.01813030242919922,
            "13_select": 0.0186769962310791
        },
        "join_text_units_to_entity_ids": {
            "overall": 0.08052897453308105,
            "0_select": 0.019208192825317383,
            "1_unroll": 0.020937442779541016,
            "2_aggregate_override": 0.021716833114624023
        },
        "create_final_relationships": {
            "overall": 0.2873396873474121,
            "0_unpack_graph": 0.02437877655029297,
            "1_filter": 0.04405546188354492,
            "2_rename": 0.02583622932434082,
            "3_filter": 0.06087660789489746,
            "4_drop": 0.021129369735717773,
            "5_compute_edge_combined_degree": 0.02557229995727539,
            "6_convert": 0.04366493225097656,
            "7_convert": 0.02187323570251465
        },
        "join_text_units_to_relationship_ids": {
            "overall": 0.11764740943908691,
            "0_select": 0.02274298667907715,
            "1_unroll": 0.024059534072875977,
            "2_aggregate_override": 0.025156021118164062,
            "3_select": 0.023590803146362305
        },
        "create_final_community_reports": {
            "overall": 12.263200521469116,
            "0_prepare_community_reports_nodes": 0.026141643524169922,
            "1_prepare_community_reports_edges": 0.025662899017333984,
            "2_restore_community_hierarchy": 0.027982711791992188,
            "3_prepare_community_reports": 0.05097031593322754,
            "4_create_community_reports": 12.074482917785645,
            "5_window": 0.03421354293823242
        },
        "create_final_text_units": {
            "overall": 0.20028448104858398,
            "0_select": 0.026172161102294922,
            "1_rename": 0.026101112365722656,
            "2_join": 0.03218841552734375,
            "3_join": 0.0324549674987793,
            "4_aggregate_override": 0.03000617027282715,
            "5_select": 0.02744746208190918
        },
        "create_base_documents": {
            "overall": 0.302152156829834,
            "0_unroll": 0.02932143211364746,
            "1_select": 0.028419971466064453,
            "2_rename": 0.028549909591674805,
            "3_join": 0.03346443176269531,
            "4_aggregate_override": 0.030736446380615234,
            "5_join": 0.034422874450683594,
            "6_rename": 0.0294802188873291,
            "7_convert": 0.06023454666137695
        },
        "create_final_documents": {
            "overall": 0.060543060302734375,
            "0_rename": 0.030542373657226562
        }
    }
}